PlayStation 4 feat 1tb комплект,28 000  ₽,https://www.avito.ru/ramenskoe/igry_pristavki_i_programmy/playstation_4_feat_1tb_komplekt_1960382227
PS 4,18 000  ₽,https://www.avito.ru/ramenskoe/igry_pristavki_i_programmy/ps_4_1959726010
Injustice 2 PS4,1 000  ₽,https://www.avito.ru/ramenskoe/igry_pristavki_i_programmy/injustice_2_ps4_1976158746
Ps4 игры,500  ₽,https://www.avito.ru/ramenskoe/igry_pristavki_i_programmy/ps4_igry_1976107270
Sony PS4,17 000  ₽,https://www.avito.ru/ramenskoe/igry_pristavki_i_programmy/sony_ps4_1951236791
Sony PlayStation 4 Slim 500 гб,18 000  ₽,https://www.avito.ru/ramenskoe/igry_pristavki_i_programmy/sony_playstation_4_slim_500_gb_1958517100
Fallout 4 ps4,1 200  ₽,https://www.avito.ru/ramenskoe/igry_pristavki_i_programmy/fallout_4_ps4_1964571018
Sony PS4 pro 500gb,25 000  ₽,https://www.avito.ru/ramenskoe/igry_pristavki_i_programmy/sony_ps4_pro_500gb_1965900155
"Sony PS4 + игры, 2 геймпада и зарядная станция",23 000  ₽,https://www.avito.ru/ramenskoe/igry_pristavki_i_programmy/sony_ps4_igry_2_geympada_i_zaryadnaya_stantsiya_1960093333
Продам 4 игры ps4,1 200  ₽,https://www.avito.ru/ramenskoe/igry_pristavki_i_programmy/prodam_4_igry_ps4_1817730749
Sony PS4 pro,25 000  ₽,https://www.avito.ru/ramenskoe/igry_pristavki_i_programmy/sony_ps4_pro_1944846505
Пс 4 про,18 000  ₽,https://www.avito.ru/simferopol/igry_pristavki_i_programmy/ps_4_pro_1966811707?slocation=639280
Sony PS4 slim 500 gb,15 999  ₽,https://www.avito.ru/kazan/igry_pristavki_i_programmy/sony_ps4_slim_500_gb_1935305820?slocation=639280
Sony PlayStation 4 + игры + доставка + гарантия,14 500  ₽,https://www.avito.ru/sankt-peterburg/igry_pristavki_i_programmy/sony_playstation_4_igry_dostavka_garantiya_1897756204?slocation=639280
Игры на Ps 4,400  ₽,https://www.avito.ru/ramenskoe/igry_pristavki_i_programmy/igry_na_ps_4_1976058029
Игра для PS4 Sony Одни из нас: Часть II,3 500  ₽,https://www.avito.ru/ramenskoe/igry_pristavki_i_programmy/igra_dlya_ps4_sony_odni_iz_nas_chast_ii_1956430932
"Сеть магазинов ""СкупкА КомиССионкА"".",1 000  ₽,https://www.avito.ru/komissionka?gdlkerfdnwq=102&shopId=47658&page_from=from_items_list&iid=1956430932
Игры для PlayStation 4 (обмен) 30.05.20,15 000  ₽,https://www.avito.ru/ramenskoe/igry_pristavki_i_programmy/igry_dlya_playstation_4_obmen_30.05.20_1860295010
"Сеть магазинов ""СкупкА КомиССионкА"".",400  ₽,https://www.avito.ru/komissionka?gdlkerfdnwq=102&shopId=47658&page_from=from_items_list&iid=1860295010
Sony PS4,100  ₽,https://www.avito.ru/ramenskoe/igry_pristavki_i_programmy/sony_ps4_1956964932
Игры для ps4,1 000  ₽,https://www.avito.ru/ramenskoe/igry_pristavki_i_programmy/igry_dlya_ps4_1966975688
Игры для ps3-ps4,18 600  ₽,https://www.avito.ru/ramenskoe/igry_pristavki_i_programmy/igry_dlya_ps3-ps4_1950740795
Sony PS4 диски,600  ₽,https://www.avito.ru/ramenskoe/igry_pristavki_i_programmy/sony_ps4_diski_1966696872
Sony PS4,Цена не указана,https://www.avito.ru/ramenskoe/igry_pristavki_i_programmy/sony_ps4_1942405037
Игры ps4,700  ₽,https://www.avito.ru/ramenskoe/igry_pristavki_i_programmy/igry_ps4_1941298578
Игры для PS4 новые,500  ₽,https://www.avito.ru/ramenskoe/igry_pristavki_i_programmy/igry_dlya_ps4_novye_1259246187
Игра для PS4 (Batman),1 000  ₽,https://www.avito.ru/ramenskoe/igry_pristavki_i_programmy/igra_dlya_ps4_batman_1943157809
Игры PS4,22 000  ₽,https://www.avito.ru/ramenskoe/igry_pristavki_i_programmy/igry_ps4_911930275
"Игры для ps4, PlayStation 4",1 700  ₽,https://www.avito.ru/ramenskoe/igry_pristavki_i_programmy/igry_dlya_ps4_playstation_4_1948192867
Sony PS4 Pro,500  ₽,https://www.avito.ru/ramenskoe/igry_pristavki_i_programmy/sony_ps4_pro_1964652841
Игра ps4 Star Wars Jedi: Fallen Order,24 900  ₽,https://www.avito.ru/ramenskoe/igry_pristavki_i_programmy/igra_ps4_star_wars_jedi_fallen_order_1935035126
Игры для ps4,2 500  ₽,https://www.avito.ru/ramenskoe/igry_pristavki_i_programmy/igry_dlya_ps4_1955590218
Sony PS4 pro,100  ₽,https://www.avito.ru/ramenskoe/igry_pristavki_i_programmy/sony_ps4_pro_1927393556
Диск для ps 4. Жизнь после,1 000  ₽,https://www.avito.ru/ramenskoe/igry_pristavki_i_programmy/disk_dlya_ps_4._zhizn_posle_1961890850
Игровые диски PS4,800  ₽,https://www.avito.ru/ramenskoe/igry_pristavki_i_programmy/igrovye_diski_ps4_1639283328
Игры на ps4,1 000  ₽,https://www.avito.ru/ramenskoe/igry_pristavki_i_programmy/igry_na_ps4_1953100631
Игры ps4,30 000  ₽,https://www.avito.ru/ramenskoe/igry_pristavki_i_programmy/igry_ps4_1767713954
Игры для PS4 обмен и продажа,26 000  ₽,https://www.avito.ru/ramenskoe/igry_pristavki_i_programmy/igry_dlya_ps4_obmen_i_prodazha_1937747893
Sony PS4 Pro,600  ₽,https://www.avito.ru/ramenskoe/igry_pristavki_i_programmy/sony_ps4_pro_1933359289
Sony PS4 Pro,1 200  ₽,https://www.avito.ru/ramenskoe/igry_pristavki_i_programmy/sony_ps4_pro_1854147163
Gran turismo для Ps4,400  ₽,https://www.avito.ru/ramenskoe/igry_pristavki_i_programmy/gran_turismo_dlya_ps4_1956504742
Игры на ps4,600  ₽,https://www.avito.ru/ramenskoe/igry_pristavki_i_programmy/igry_na_ps4_1970721571
Игры для PS4 обмен,2 490  ₽,https://www.avito.ru/ramenskoe/igry_pristavki_i_programmy/igry_dlya_ps4_obmen_1928364380
Диск на PS 4,2 200  ₽,https://www.avito.ru/ramenskoe/igry_pristavki_i_programmy/disk_na_ps_4_1762364561
Sony PS4,600  ₽,https://www.avito.ru/ramenskoe/igry_pristavki_i_programmy/sony_ps4_1927144246
Resident evil 3 remake PS4,1 000  ₽,https://www.avito.ru/ramenskoe/igry_pristavki_i_programmy/resident_evil_3_remake_ps4_1899186397
"Игры для ps3, ps4 ps vita",700  ₽,https://www.avito.ru/ramenskoe/igry_pristavki_i_programmy/igry_dlya_ps3_ps4_ps_vita_1927205795
Игры для PS4 в ассортименте. Фото 03\05\20,500  ₽,https://www.avito.ru/ramenskoe/igry_pristavki_i_programmy/igry_dlya_ps4_v_assortimente._foto_030520_974118488
"Сеть магазинов ""СкупкА КомиССионкА"".",400  ₽,https://www.avito.ru/komissionka?gdlkerfdnwq=102&shopId=47658&page_from=from_items_list&iid=974118488
Игры для ps4,2 500  ₽,https://www.avito.ru/ramenskoe/igry_pristavki_i_programmy/igry_dlya_ps4_1351680623
Игра ps4 horizon zero dawn,800  ₽,https://www.avito.ru/ramenskoe/igry_pristavki_i_programmy/igra_ps4_horizon_zero_dawn_1835257294
"Игры на дисках для PS4. Fifa 15, 16, 17, 18",1 000  ₽,https://www.avito.ru/ramenskoe/igry_pristavki_i_programmy/igry_na_diskah_dlya_ps4._fifa_15_16_17_18_1963197382
Геймпад PS4 DoubleShock\NeW,600  ₽,https://www.avito.ru/ramenskoe/igry_pristavki_i_programmy/geympad_ps4_doubleshocknew_1924836848
